Placement,Name,Score
1,YtseJam,0:36.567
2,MrPieTrek,0:36.6
3,WhiteNight,0:37.95
4,Guanium,0:39.867
5,Remove LC Boss,0:43.617
6,Loeg,0:44.383
7,- Cyclop3s 49 -,0:45.767
8,YT-FynnEbsen,0:46.317
9,Gone,0:51.267
10,Patthebigmonke,0:52.45
11,chickenshark,0:53.8
12,WIZARDPARAGON,0:55.417
13,Gura,0:55.8
14,Punji :),0:56.133
15,Feinberg,0:56.15
16,Caleb Fraser,0:56.233
17,Heli sucks,0:57.133
18,Shhdaddysworkn,0:57.483
19,WOR ZOII3 LAK,0:57.7
20,FeedMePi314,0:58.933
21,Darth Plagueis,0:59.2
22,Westvirginia,0:59.7
23,GruchaElPrimo,1:01.683
24,K4S6M,1:02.983
25,Andre8657,1:03.2
26,ILoveThisGame,1:03.25
27,Umbrella,1:04.367
28,David Rojas,1:04.583
29,VeDAN,1:04.6
30,M3mes,1:04.8
31,Hell:VampireZ,1:05.25
32,DireRaven,1:05.55
33,Yut,1:05.717
34,Monkeman,1:05.75
35,bonk,1:05.917
36,<elves>,1:06.434
37,Vert,1:07.15
38,Nocturnal,1:07.2
39,Hopper,1:07.8
40,Bonzo,1:07.917
41,Yuki,1:08.466
42,Kerone,1:08.517
43,Krelli0608,1:08.883
44,BengPro,1:09.333
45,Fluffy Spani:3,1:09.466
46,Affter,1:09.817
47,geronimo tauren,1:09.916
48,xx,1:10.267
49,FunRon,1:11.05
50,SupremeAvocado,1:11.083
51,ALL_INSTAS!!!,1:11.783
52,iBenba,1:12.3
53,Ansppy,1:12.934
54,Visomero Brabo,1:12.95
55,Isshiki,1:13.65
56,108r5meme,1:13.65
57,heiyu,1:13.833
58,druck3r,1:14.2
59,hedisgoo,1:14.267
60,donkeymule2,1:14.283
61,Dakota Jackson,1:14.617
62,Kevin,1:14.917
63,Monster,1:15.217
64,Rivera,1:15.55
65,Domingus Boomr,1:15.6
66,01191020csl,1:16.033
67,Jao,1:16.1
68,mdeschu,1:16.783
69,I hate boss,1:16.833
70,viennariver,1:17.167
71,DogFace,1:17.384
72,NIK,1:18.317
73,Lava,1:19.85
74,Alexpv8080,1:20.416
75,T.Tv_Firefly,1:20.683
76,MATTOCK,1:20.883
77,KotalKatil,1:20.95
78,Light,1:21.067
79,rodulant,1:21.3
80,Pancake <3,1:21.367
81,Blild,1:21.6
82,LightningBenji,1:21.733
83,chenboy 467,1:23.517
84,chuckddd,1:23.583
85,CHenMoOn,1:23.716
86,UNLUCKY,1:24.583
87,Jaster56100,1:24.916
88,WOR ZOII4 LAK,1:25.383
89,Ayeccs,1:25.55
90,Winnie5401,1:26.533
91,JustSummmer,1:27.25
92,mizon yala,1:27.45
93,A'nan,1:28.617
94,specker86,1:29.033
95,ANG-Z,1:29.4
96,HexagQn,1:29.733
97,RiFt,1:30.367
98,VanBummel,1:30.95
99,Lino,1:30.984
100,choccy onion,1:31.266
101,der_ute,1:31.6
102,Tequila_233333,1:32.183
103,Player7636396,1:32.267
104,7,1:32.417
105,No_Message,1:34.25
106,Valen,1:38.533
107,Godbot,1:39.05
108,ttotto0417,1:39.1
109,$jimal$,1:39.267
110,yjdstcyjdstc,1:40.283
111,Alro7,1:41.117
112,MedicBag,1:41.566
113,PsykomanT,1:41.916
114,DotTrevv,1:42.467
115,ronSold,1:44.017
116,Marshader,1:44.934
117,Keiranco,1:45.733
118,Zogazig,1:45.85
119,GreatMonkey4742,1:47.2
120,Ariq123,1:47.434
121,Mik0la,1:49.467
122,BloonGoon,1:50.366
123,Player,1:51.666
124,Lukstar129,1:51.95
125,CAUCWYK,1:52.6
126,Gielepino,1:53.15
127,Murko,1:53.217
128,taiks,1:55.433
129,TinTin,1:55.55
130,Player,1:56.25
131,frankbenedet,1:56.333
132,powerless,1:56.783
133,Petrichor,1:57.35
134,IndoorWallaby8,1:57.517
135,roasted_bird,2:00.684
136,limitlesss,2:01.733
137,Aequinoktium,2:01.983
138,Kuta,2:03.05
139,Dihzzy,2:05.667
140,Fredrik,2:07.533
141,TheIvyX,2:07.717
142,LMPB,2:08.7
143,kanou-suguru,2:09.067
144,Player,2:10.717
145,MichaelVickDog,2:10.95
146,Player1320014,2:14.116
147,Weadeater,2:15.4
148,settam07,2:15.467
149,The noob,2:17.334
150,Player1611590,2:17.4
151,inurachi,2:18.416
152,BoBLorDE,2:18.85
153,Fxz,2:18.917
154,LeGenericMemer,2:19.3
155,xener,2:20.9
156,Legend,2:21.784
157,SquidKid,2:24.216
158,Knuckles,2:25.916
159,Pengy,2:27.15
160,AdairHeyU,2:27.434
161,Yumi,2:28.35
162,RAE,2:30.383
163,Y,2:31.834
164,platey66,2:31.95
165,Superbrad,2:33
166,Logical_Panda_,2:34.3
167,dsero,2:35.984
168,uvclive,2:36.783
169,StormKiller,2:38.8
170,Covid 19,2:39.683
171,DBirdie,2:41.15
172,song,2:43.833
173,jing qing,2:44.167
174,Raymond,2:44.916
175,MarmanGameSS,2:45.817
176,Mr.PPPenguin,2:46.4
177,3062283445,2:47.516
178,default,2:48.634
179,2649935474,2:48.75
180,Player,2:49.6
181,Add2,2:50.6
182,davidsaccount,2:51.15
183,hAki,2:51.884
184,=KingofDaRing=,2:52
185,ANDERSON RUJI,2:52.633
186,fafe,2:53.45
187,Devin Kurant,2:54.05
188,WOR ZOII2 LAK,2:54.417
189,ReWolverine,2:56.866
190,Alkos,2:58.1
191,DarkHeldoro,2:58.4
192,Anjun,2:58.617
193,Captain-Gunfire,2:59.183
194,lil doggo,3:00.5
195,Supermonkey,3:03.45
196,KonoxiumTheIII,3:03.5
197,MarbleDoggo,3:05.066
198,Failure,3:05.084
199,luca.devecchis,3:05.283
200,Dragonboy,3:07.1
201,c0ntext,3:08.166
202,Hoogandos,3:08.4
203,Cards,3:08.95
204,85563369,3:09.133
205,george3019,3:10.066
206,Kilos,3:10.45
207,Diamondorun,3:10.983
208,Player,3:12.35
209,PHUC DU,3:13.366
210,Raxzor,3:13.416
211,VeryFinnishMan,3:13.716
212,Rintarou - 001,3:14.65
213,Ph03n1x_,3:15.35
214,Essi,3:15.517
215,Dylan Gray,3:15.767
216,pllan,3:16.05
217,NinckO,3:16.266
218,elvarco2,3:17.384
219,Mawo,3:17.55
220,Eclipse,3:17.866
221,wjy,3:18.017
222,Mr.Boomer,3:19.384
223,Player,3:20.317
224,EECKLLP,3:21.384
225,Eric!,3:21.533
226,z4zaros,3:22.683
227,love furry,3:22.8
228,dretti,3:23.917
229,laplacian,3:24.467
230,Loconch,3:26.45
231,under_stand,3:27.183
232,CR7,3:27.3
233,Windrae,3:28.516
234,0Helpless,3:29.15
235,also hi,3:30.083
236,Dragon Hunter,3:30.167
237,Mr dos isaaias,3:30.8
238,Aaron Smith,3:30.867
239,Svenoss,3:32.833
240,h__y__x,3:32.884
241,Fluffyrobot5,3:33.716
242,LonelyDog,3:33.933
243,AOmonsta,3:34.6
244,Tomek87,3:36.283
245,Player7369159,3:37.217
246,Nature's Grace,3:37.4
247,Staphaureus,3:37.45
248,LpoolBomber,3:38.733
249,Kailolovna,3:39.767
250,Objectsp,3:40.783
251,Ender_01Begins,3:40.833
252,lpsz,3:40.966
253,FearfireNoLeak,3:41.433
254,Blaze7989,3:42.034
255,ObamaBinLaden,3:43.75
256,Player,3:45.534
257,Lazlo,3:45.783
258,Bloonboy69,3:47.367
259,hui,3:48.333
260,NerfNinjaEngy,3:48.333
261,Player9414715,3:48.484
262,wdnm,3:48.75
263,Aleccrazy,3:48.967
264,User-a5549921b4,3:50.05
265,sabishina,3:50.816
266,moto4ok,3:52.85
267,wintergetreide,3:52.966
268,Player,3:53.45
269,SomeWabalan,3:54.133
270,TarhenoTTV,3:55.55
271,FakePotato,3:55.917
272,ButterGoat820,3:56.066
273,Nilstheimpaler,3:56.2
274,Kyle,3:57.017
275,KizagiVevo,3:57.084
276,N0name_14,3:58.484
277,TR_CR33N,3:58.683
278,Xi-temper,3:58.734
279,MagicDusty,3:58.967
280,mrsquie,4:01.483
281,joaco-ferraro23,4:01.684
282,Nvaua,4:02.15
283,C0nRad,4:02.267
284,Cold moon,4:02.416
285,alex_playz_YT03,4:03.416
286,Oorz,4:03.517
287,Liam,4:03.717
288,QOPPOQ,4:03.984
289,DartPopper2325,4:04.3
290,Jav1,4:04.917
291,HarryLeif,4:05.3
292,Chelios,4:06.284
293,zuimeng,4:06.7
294,AndenTheGamer,4:07.15
295,Snek,4:07.3
296,Player,4:07.35
297,Divine Rebel,4:08.6
298,wind,4:08.734
299,oBenimaru,4:09.05
300,Z.O.M.G,4:09.267
301,Anderwar,4:09.783
302,calle,4:09.883
303,etihw,4:09.9
304,xyrc,4:09.917
305,Luna,4:10.633
306,momidid,4:11.733
307,EmosewaMC,4:13.934
308,SuperMaster387,4:15.35
309,Brancobsb,4:16.616
310,isDavid,4:17.866
311,Pringels-__-,4:18.75
312,BTDYama,4:19.05
313,Virsagonn,4:19.317
314,Player,4:20.633
315,kdogg8173,4:20.684
316,Yeetrium,4:20.983
317,Player,4:23.534
318,carpenterbailey,4:25.3
319,zakokyara,4:26.066
320,Super nubs pro,4:26.65
321,Thunder,4:27.267
322,MonkeyPhoenix5,4:28.05
323,Fried Ghost,4:30.167
324,Smiles,4:30.366
325,EVirus72,4:30.533
326,Straya,4:31.367
327,Goldenboy2287,4:31.383
328,Player4496261,4:31.7
329,xy,4:32.284
330,Raven,4:32.867
331,sherwincsk,4:33.45
332,Player,4:34.083
333,Jerry,4:34.134
334,Redrage,4:34.6
335,MASTER STAR,4:35.5
336,ThatOneDude,4:35.75
337,dziadek981950,4:35.767
338,Player,4:35.95
339,Player,4:37.283
340,lostman,4:37.3
341,CoolCosmo,4:37.35
342,PogUser69420,4:38.133
343,Lilo14,4:38.566
344,Decembrist,4:39.666
345,Wazza,4:40.483
346,Wythe,4:40.534
347,Beriogerg,4:40.667
348,OJ,4:41.6
349,500kg(OP)noob,4:42.15
350,CBK!,4:42.6
351,NMSL,4:43.417
352,Christophero87,4:43.6
353,Scania99,4:43.9
354,chrishful,4:44.233
355,hacked_pro,4:44.433
356,Banzai,4:44.833
357,Tymo Roys,4:45.667
358,2000 elo krszn,4:46.15
359,siwori,4:47.433
360,Bummix,4:47.583
361,SebasTheGamer12,4:47.85
362,MeowSummon,4:48.183
363,Yume,4:49.25
364,need John Thom,4:50.366
365,donut.77,4:50.817
366,Eterno Master,4:52.183
367,BHD,4:53.233
368,AlphaFish,4:53.417
369,Red Sword,4:53.567
370,Played,4:56.617
371,Player,4:56.8
372,MeKesh,4:58.017
373,GuavacadoMan,4:58.75
374,ARaGoN--44--,4:59.5
375,Klefki98,4:59.917
376,GrimReeaper66,5:00.15
377,Madcoast,5:00.284
378,KaelMaelstrom,5:00.55
379,ImBadAtThisXD,5:01.25
380,Yang,5:01.75
381,Steappy,5:02.15
382,HeroicTiger1583,5:02.85
383,Genio250,5:02.967
384,Napester,5:03.233
385,Kival Evan,5:04.3
386,Stargazer,5:04.816
387,kwonhangil,5:04.933
388,spaceflight1st,5:04.984
389,-Kev2048-,5:05.267
390,TheTheSwagThe,5:06.366
391,InfinatEmber,5:07.75
392,Derretimentos,5:08.5
393,I am very drunk,5:08.85
394,Scranish,5:10
395,Aharonson056,5:10.1
396,rtthrd,5:10.167
397,Yetter,5:10.417
398,TopPhoenix2101,5:10.767
399,rib,5:11.033
400,G-GOAT,5:11.1
401,Capipgk,5:11.25
402,Doge Meow,5:11.35
403,Reasons why,5:12.434
404,xela,5:13.217
405,Agent W,5:13.683
406,944505858,5:13.967
407,Seluxe,5:14.717
408,Quentin,5:16.317
409,cARTOFEL91,5:17.567
410,CC,5:17.6
411,LAYERS,5:17.817
412,Brem,5:18.233
413,Andrew,5:19.083
414,ForeverLove,5:19.267
415,AceMonk50411,5:20.3
416,Haaky,5:21.05
417,Root1above23,5:21.267
418,digs1985,5:21.667
419,FighterMaze,5:23.6
420,Peter,5:24.534
421,va_nish,5:24.584
422,Mrcatstache,5:25.983
423,Devin,5:26.15
424,CyanRabbit625,5:26.467
425,Honeybee,5:26.784
426,Xedde,5:26.784
427,Louis.Yu,5:27.65
428,Harshad,5:29.767
429,sweet7461,5:29.933
430,joe,5:30.484
431,Deep_Tadeas,5:33.067
432,xkylol,5:33.867
433,Khavik,5:35.5
434,Player,5:37.15
435,Komok Shersty,5:37.533
436,1046534230,5:37.867
437,derxX,5:38.616
438,jojolavaworld,5:39.8
439,crazysheep,5:41.584
440,Gooberbora,5:41.75
441,MightZJPoepet,5:41.933
442,Kapitalisti,5:43.05
443,Brianthebomber,5:43.55
444,DocDapper,5:43.55
445,davy.aird,5:43.983
446,NachoChip,5:44.7
447,Player,5:45.233
448,Nakittaja,5:45.333
449,RACECAR,5:47.55
450,Andrew Dhaenens,5:47.917
451,P,5:48.317
452,Pyro,5:49.034
453,BidaPabida,5:49.3
454,Player111514,5:49.45
455,HESITATION,5:49.6
456,Surround,5:49.717
457,Pemszek,5:50.633
458,Augustus_77,5:50.733
459,Abduloguy,5:50.783
460,Frank,5:51.067
461,NoName,5:51.3
462,fireflight13,5:51.483
463,Beezle man,5:51.566
464,Mrqfish,5:51.65
465,DizzySpartan002,5:52.2
466,Villain,5:52.4
467,ToddChris,5:52.784
468,toshii,5:53.233
469,VintageMeteor,5:53.667
470,HayHay434,5:53.883
471,cutesungt,5:53.9
472,Victor Calleja,5:55.867
473,NinjaMaster105,5:57.1
474,Player,5:57.3
475,3ew65e,5:57.883
476,kylieee,5:57.917
477,KingThunder14,5:58.2
478,TTWL09,5:58.683
479,ik heb honger,5:58.767
480,Popi,5:58.967
481,Sleepo,5:58.967
482,Whackherbush,5:59.134
483,wind3366,5:59.233
484,Jay596,5:59.316
485,TOBIDIGITAL,5:59.75
486,JydeN Kasper.,5:59.766
487,Itsu,5:59.883
488,alamit164,6:00.466
489,bbbs,6:00.567
490,Nugget0797,6:01.034
491,Player,6:01.15
492,iloscar,6:01.95
493,itex1,6:02.65
494,Jbk003,6:02.866
495,Bewears,6:03.283
496,Okisawa,6:05.566
497,Mick Jaggi,6:06.55
498,Mew,6:06.917
499,Taylor,6:06.984
500,<Alexman>,6:07.417
501,fxss,6:07.733
502,YeetDaNoob,6:08.433
503,mtt67,6:08.867
504,StarWars1crazy,6:09.717
505,Morgan Freeman,6:10.2
506,A6503,6:10.583
507,Gilgamesh,6:11.016
508,_luappaul_,6:11.45
509,unknown,6:11.483
510,Bsbisa,6:12.367
511,Florent Foyatier,6:12.417
512,dustN91,6:13.033
513,DuoLuo16,6:13.984
514,zuperpzycho,6:14.067
515,A DISPLAYNAME,6:14.4
516,Jaywest,6:15.983
517,vengeance,6:16.633
518,Itz Tism Tim,6:17.467
519,emptyshellz1986,6:17.55
520,Supernova,6:17.8
521,JJMJB,6:17.966
522,1294150952,6:18.617
523,Gricko,6:18.817
524,Bambooo,6:19.3
525,whiteboyem,6:19.35
526,bond2501,6:19.716
527,tylerthemink,6:19.983
528,SmurfGijs,6:20.45
529,PopNovice1232,6:20.766
530,Blobz,6:21.4
531,Aemmo,6:22.066
532,Player,6:22.85
533,Arbi Salihu,6:23.667
534,Massive,6:24.25
535,Gatotkayu,6:24.367
536,Rumpus1!,6:24.384
537,DartTower76886,6:26.283
538,Vortexussy,6:26.917
539,YinJiHanFeng,6:27.083
540,Grolemonkey,6:27.116
541,Kiwiborb,6:27.333
542,PopWizard1425,6:27.967
543,Li,6:28.35
544,ZungGaaYi,6:29.767
545,Nakiel,6:30.033
546,Ricky2605,6:30.416
547,De_ Vinci,6:31.033
548,Nk277531,6:32.333
549,Player,6:33.384
550,2134565,6:33.483
551,Irfan MN,6:33.684
552,CarpeDalen,6:33.8
553,Phantomgunner,6:34.617
554,Slotterleet,6:36.166
555,Jeffy iz Best,6:36.933
556,teppotulppa,6:37.467
557,Tealia,6:37.833
558,Berkano,6:38.367
559,Mbcool,6:38.684
560,coleh4,6:38.9
561,Ueberking Nico,6:39.333
562,SuperHero4440,6:39.75
563,Die_nuss3000,6:39.833
564,Mercury,6:40.05
565,Shinybobble,6:41.2
566,Epic popper,6:41.383
567,Koojc,6:41.883
568,murkanary,6:41.917
569,Afoknas,6:42.266
570,Mighty-Moh,6:42.267
571,leonmlngan,6:43.1
572,940909681,6:43.383
573,Quanfeng,6:43.45
574,Righthandman,6:44.55
575,NotFakeJesus,6:45.267
576,lambpost,6:45.55
577,Tony_Lambony,6:45.634
578,Lunarity,6:46
579,bRad-140,6:46.516
580,Bigboibiscut,6:46.55
581,AliTorresCool03,6:47.017
582,ababababae,6:47.933
583,Axeluring,6:48.267
584,Pineappe,6:50.917
585,DayMan,6:51
586,aWildAviar,6:51.217
587,cyrbritt,6:51.983
588,Calvin,6:52.317
589,Zaphenzo,6:52.6
590,dd8687336,6:52.816
591,DaMonke,6:52.917
592,Miko72,6:54.117
593,Munny,6:54.2
594,TessKay,6:54.6
595,vog0006,6:54.884
596,SteelMushroom,6:54.966
597,C_wizzy95,6:55.35
598,dino,6:56.467
599,z200012,6:57.066
600,1369523897,6:57.5
601,AL-iwrr-,6:57.583
602,ConIsOp,6:57.716
603,AwesomeNovice6,6:57.733
604,limbo,6:57.834
605,Finn101bloon,6:57.917
606,noxgloo,6:58.267
607,jrblock05,7:00.1
608,lucT0T,7:00.45
609,ctrlaltdelz,7:01.117
610,jwolfe929,7:01.183
611,TheMightyRR,7:01.5
612,ShinyPopper3006,7:01.933
613,Thefransiscool,7:02.016
614,Meow,7:03.017
615,Darian,7:03.533
616,NxjiEU,7:03.65
617,PersonLastname,7:04.3
618,2nd_Slash532,7:04.534
619,CaptainJack,7:04.55
620,Zygar,7:05.5
621,mrRussellx,7:05.55
622,abcdefend,7:06.4
623,PhilipJeff,7:06.75
624,Leo,7:06.766
625,Guada,7:07.067
626,Uncharted,7:07.083
627,AwesomePhoenix,7:07.85
628,Bagouette,7:07.916
629,r9,7:07.917
630,I did a expert,7:08.934
631,Oddbjorg,7:09.066
632,Moffin_Man_0,7:09.166
633,chronicle,7:11.184
634,Mashiro,7:11.4
635,gamer,7:11.75
636,YoPlayer,7:12.05
637,Hozii,7:12.75
638,nnamremmiZ,7:13.067
639,Ethan,7:13.15
640,Hnz,7:13.334
641,Vyke,7:13.683
642,GXT_ROGUE,7:14.4
643,4Eman3030,7:14.517
644,Player,7:14.816
645,Player4390636,7:15.383
646,Elevitian,7:15.716
647,479290165,7:15.8
648,Terpy,7:16
649,Trickybanana,7:16.067
650,Snafnir,7:16.617
651,Guz00,7:16.683
652,TimeToStrike,7:16.75
653,Alex,7:16.85
654,Wasabi,7:16.866
655,Hala_CR,7:17
656,Bruh Moment,7:17.083
657,Danny Zuko.,7:17.333
658,Cyanotic Spark,7:17.533
659,Emilio-1010,7:17.566
660,Chinese Tiger,7:17.684
661,uniquewine,7:17.95
662,suniL,7:18.217
663,Seno_killer,7:18.317
664,James Gingerich,7:18.416
665,fleischi2,7:18.6
666,DakshIsCool,7:19.367
667,NinjaHero396,7:19.383
668,123581321,7:19.5
669,silentsev,7:19.583
670,Player,7:19.633
671,Zarmalty,7:19.783
672,TEGASAR,7:19.983
673,GetBeand,7:20.583
674,Cureacao,7:20.85
675,Wrtek,7:21.117
676,Joestar,7:21.6
677,ElHybrido,7:21.917
678,Xuchoc,7:21.917
679,AmberLeader3920,7:22.483
680,Vegemite,7:22.9
681,msrm,7:23.066
682,Thrower,7:23.75
683,thelich,7:25.034
684,Kibi,7:26.133
685,Dank-Energy,7:26.217
686,800lb Gorilla,7:26.466
687,Player7741888,7:26.467
688,SuperHero0867,7:26.767
689,Maddy,7:27.084
690,Adrian,7:27.767
691,REBE,7:28.134
692,ckdd,7:28.184
693,87,7:28.25
694,TastiYT,7:28.333
695,iLiketoCoreRed,7:29
696,Rookie,7:29.033
697,Player,7:29.417
698,Player,7:29.583
699,Random Keed,7:30.633
700,Okidoki,7:32.134
701,XX,7:32.35
702,Stian,7:32.517
703,Zycloes,7:32.65
704,Olieli,7:32.7
705,The-Epiphany,7:33.683
706,DominiC,7:33.75
707,CavityCreep,7:33.767
708,MangoMan,7:34.367
709,TopElite32700,7:34.85
710,Misieku2,7:34.866
711,Jochaaanesss,7:35.167
712,Lovnov,7:35.367
713,Greengiant,7:35.616
714,ShinyPopper4707,7:36.017
715,Oat,7:36.05
716,satanangelking,7:36.183
717,Player8852217,7:36.183
718,HOYHOY,7:36.25
719,Consuno,7:36.467
720,Introlyse,7:36.6
721,bread,7:36.717
722,Chali_Bean624,7:37.317
723,Veagan101,7:37.716
724,Chip Chipp,7:37.967
725,BlokiQ,7:38.383
726,Xrosschoke,7:39.25
727,Karkonas,7:39.317
728,maoshen,7:39.417
729,TBlazeWarriorT,7:39.967
730,HomicidalHippo,7:41.483
731,Mi 4 Vendetta,7:41.483
732,An Outsider,7:41.65
733,Millbi,7:42.133
734,Aurora,7:42.183
735,jmwjmw27,7:42.6
736,zhou123lv,7:42.833
737,Rampatse,7:42.867
738,Mr.MieseZeiten,7:43.917
739,Player,7:44.433
740,Drcarolina,7:44.45
741,Pigisle,7:44.467
742,ElementOfZero,7:44.617
743,OliveKnight794,7:44.633
744,Rhythm07,7:44.85
745,PowerDoom,7:45.234
746,CoolSteve102491,7:45.75
747,Jmac,7:47.75
748,Pikmanfan2002,7:48.017
749,iuueeng,7:49.384
750,AM,7:49.583
751,m0hand,7:49.667
752,Patojo mono,7:49.733
753,topaz2698,7:49.916
754,Ryboflaving,7:50.117
755,VioletHero4799,7:50.333
756,Ninja048,7:50.9
757,Lightening,7:50.917
758,Agita,7:51.466
759,Sirbluedog,7:52.017
760,Sietse Ok,7:52.067
761,Jandalf,7:52.316
762,KnMMM_,7:52.717
763,Leotiger,7:52.766
764,FoeverYoung123,7:52.817
765,Ketchuwu,7:52.85
766,Kekarit,7:54.2
767,JWill18,7:54.334
768,Neal,7:54.35
769,Karantes,7:54.667
770,Leon.,7:55.3
771,Pillaper,7:55.55
772,Aria,7:55.883
773,Executioner,7:56.684
774,Ninjakittypaw,7:56.75
775,MaeM*,7:56.816
776,KiwiHero7568,7:57.083
777,Nobody,7:57.166
778,srth157,7:57.334
779,Maya,7:57.567
780,FryingTheOof,7:57.933
781,GoForParagon,7:58.1
782,limjae06,7:58.117
783,Sadness,7:58.334
784,CowBoyMooMan,7:58.383
785,Digont,7:58.45
786,kingmann1111,7:58.933
787,EventualPay4,7:59.534
788,oyasumi,7:59.683
789,lncht_mn,7:59.784
790,Mailman2500,8:00.133
791,ZaCoN333,8:00.15
792,TheOfficialFox,8:00.283
793,Heriko04,8:00.684
794,Swizy,8:00.983
795,ItsMe_Jules,8:01.366
796,ShinyPopper3076,8:01.567
797,Hippopotamus,8:01.6
798,stealth_apex,8:01.916
799,IamHusky,8:01.916
800,Dr.Lero,8:01.983
801,Player6187869,8:02.1
802,Pete,8:02.116
803,IkaMartins,8:02.15
804,Kanon,8:02.3
805,Abad,8:02.7
806,Player58382,8:03.667
807,midarrec,8:03.766
808,bjay23,8:04.1
809,Mendoris,8:04.45
810,Ravana,8:05.584
811,Icewing,8:05.717
812,hlwan1999,8:06.016
813,SavvasM3,8:06.116
814,VG,8:06.166
815,Kindreddy,8:06.383
816,Insane_Ducko,8:06.683
817,Rasol52,8:07.167
818,mmmmmgburger,8:07.616
819,Bloon Master,8:08.066
820,1941954124,8:08.667
821,Jingking1981,8:08.733
822,Javali Poderoso,8:08.85
823,Mr_BoB,8:09.033
824,Pro_Speed_911,8:09.234
825,L_x19rs,8:10.333
826,Wistella,8:10.45
827,dotadash,8:10.967
828,Zero 0,8:11.033
829,Tilted,8:11.05
830,astra,8:11.317
831,no one,8:11.383
832,William Molina,8:11.734
833,OiBoiZ,8:12.067
834,PatrykBTD,8:12.084
835,A Night Eif,8:12.216
836,Bandrew05,8:12.333
837,HeinzSalsa,8:12.916
838,xiaojianbei,8:13.333
839,Player745891,8:13.334
840,henk-george,8:13.733
841,TopNovice64385,8:15.116
842,Wonder Rem,8:15.45
843,Ronin,8:15.75
844,Porkinazor,8:16.15
845,Player542160,8:16.3
846,Mega Mare!,8:16.333
847,PlasmaHD,8:16.75
848,FREEZING,8:17.05
849,43Ahmed4344,8:17.184
850,Viduris,8:18.25
851,alonshani13,8:18.416
852,Spidahookfoot,8:18.916
853,Bonnor,8:19.133
854,GaunerDudMent,8:19.367
855,447823331,8:19.383
856,Will,8:20.583
857,Boss Shifu,8:20.667
858,nanase,8:20.75
859,Daniel_Guy,8:21
860,WX:zf393414299,8:21.15
861,Sosaso,8:22.4
862,Gold-Games,8:22.467
863,Goku,8:22.5
864,AmberLeader4164,8:22.55
865,lordrudolf,8:23.384
866,HeroicTiger4856,8:23.583
867,Fantasy,8:23.633
868,Jism152,8:23.833
869,bruh moment,8:23.984
870,Tobias,8:24.067
871,Zabijakcz,8:24.333
872,Metroboomin42,8:24.783
873,abidhim403,8:24.8
874,robson,8:25.883
875,Watermelon,8:26.15
876,Player,8:26.4
877,Radio Jade,8:26.667
878,monstreking,8:27.05
879,Scuba Doo,8:27.267
880,Imortal,8:27.267
881,PapierzPolak,8:27.267
882,Ultim8Attack,8:27.55
883,Trilogical,8:27.55
884,Jalon17,8:27.566
885,AmberLeader965,8:27.616
886,j ja a,8:27.667
887,Lubo,8:27.8
888,Gadget Gamma,8:28.016
889,2078273072,8:28.283
890,LittleMercyEh,8:28.433
891,Zero777,8:29.1
892,Dapperpenguin,8:29.817
893,Chemo T,8:29.883
894,WarrenG1001,8:29.883
895,Not_Found_42,8:30.1
896,TTVdarthnenito,8:30.1
897,Sansgranie01,8:30.583
898,Sr. Guilherme,8:31.1
899,IronMage2309,8:31.2
900,BreadMonkey,8:31.234
901,Tamrang1,8:31.25
902,KULOU,8:31.65
903,Mouaif,8:31.667
904,TMF,8:31.75
905,youxi,8:32.133
906,ZEXAL,8:32.267
907,Darkened_Duck,8:32.4
908,2364207948,8:32.533
909,WPLAYER,8:32.917
910,Rybastefan2000,8:32.95
911,daviiid974,8:32.984
912,Bobby Som Som,8:33.266
913,champiozfromtwitter,8:33.417
914,eliminatedphi,8:34.083
915,Mr.Polar1s,8:34.217
916,vivalay,8:34.533
917,Jokory,8:34.65
918,Liew,8:34.734
919,Prostmann,8:35.167
920,coneman420,8:35.216
921,biubiu,8:35.933
922,JustJulias,8:36
923,DogeMan248,8:36.016
924,2978710005,8:36.034
925,Pengwino,8:36.2
926,kiill jaapsss,8:36.25
927,Citron unc,8:36.5
928,Portelln,8:36.567
929,KenyNotKenny,8:36.667
930,coniferz,8:36.683
931,Tong Lexuan,8:36.95
932,Wherestherumham,8:37.033
933,Bread_Overlord,8:37.083
934,Player,8:37.2
935,Gamerock,8:37.367
936,Emilian256,8:37.416
937,Dominospaghetti,8:37.5
938,Skull Knight,8:37.516
939,NinjaWizard553,8:37.666
940,whom,8:37.9
941,Mat3eo55,8:37.916
942,airsoftsnyper,8:37.983
943,sadsad1370,8:38.033
944,EOH,8:38.3
945,Firecraft,8:38.483
946,Sleepy Joe,8:38.567
947,mt,8:39.017
948,limand33,8:39.55
949,remedialhawk99,8:39.566
950,EWeb,8:39.634
951,Eagle,8:40.416
952,Hugga,8:40.683
953,StompGT,8:40.683
954,Henk_De_Buurman,8:40.866
955,Irx-_-,8:41.034
956,CaioManeiro,8:41.083
957,Plawiz,8:41.1
958,=V=,8:41.233
959,Player6350819,8:41.284
960,themajaris,8:41.35
961,Zeitgeist77,8:41.483
962,gijmpf,8:41.917
963,machu000,8:41.917
964,Christopher,8:42.433
965,joefitness14,8:42.467
966,Teffg,8:42.583
967,AdolfH.,8:42.8
968,LordElios,8:42.95
969,Nick Frost,8:43.266
970,M1200,8:43.567
971,Jordan,8:43.917
972,Tobi,8:43.95
973,Player,8:44.3
974,Sebas,8:44.4
975,majorstudconan,8:44.4
976,Ew_vi,8:44.483
977,Tsunamy,8:44.683
978,ssstick,8:44.733
979,MrOrigami,8:44.933
980,arreil96,8:45.25
981,MichaelLalsangpuia,8:45.5
982,balloonbuster3,8:45.55
983,Arc7a,8:45.866
984,Smurfblade,8:46.3
985,Pudding,8:46.567
986,CWJ-D,8:46.567
987,Paddo,8:46.616
988,Magicskill241,8:46.683
989,Mige,8:46.767
990,Wolfie,8:46.95
991,Me,8:47.367
992,crazyuzi56,8:47.616
993,Planet of Me,8:47.666
994,firm,8:47.867
995,KinkyFrys,8:47.867
996,MamaParagonT,8:47.917
997,Tinn Sarasung,8:48.033
998,Player,8:48.266
999,Jefff,8:48.55
1000,Ogerly,8:48.566
